{
    "activations": 6432,
    "activations_alignment": 4,
    "c_arrays": [
        {
            "c_bits": 32,
            "c_id": 0,
            "c_size_in_byte": 4096,
            "c_type": "float",
            "conv_type": "",
            "format": "float",
            "io_type": "input",
            "mem_pool": "user",
            "name": "serving_default_conv2d_7_input0_output_array",
            "offset": "NULL",
            "size": 1024,
            "start_offset": "NULL",
            "tensors": [
                {
                    "name": "serving_default_conv2d_7_input0_output",
                    "shape": [
                        1,
                        32,
                        32,
                        1
                    ]
                }
            ]
        },
        {
            "c_bits": 32,
            "c_id": 1,
            "c_size_in_byte": 4704,
            "c_type": "float",
            "conv_type": "",
            "format": "float",
            "mem_pool": "activations",
            "name": "conv2d_0_output_array",
            "offset": 384,
            "size": 1176,
            "start_offset": 384,
            "tensors": [
                {
                    "name": "conv2d_0_output",
                    "shape": [
                        1,
                        14,
                        14,
                        6
                    ]
                }
            ]
        },
        {
            "c_bits": 32,
            "c_id": 2,
            "c_size_in_byte": 4704,
            "c_type": "float",
            "conv_type": "",
            "format": "float",
            "mem_pool": "activations",
            "name": "nl_3_output_array",
            "offset": 384,
            "size": 1176,
            "start_offset": 384,
            "tensors": [
                {
                    "name": "nl_3_output",
                    "shape": [
                        1,
                        14,
                        14,
                        6
                    ]
                }
            ]
        },
        {
            "c_bits": 32,
            "c_id": 3,
            "c_size_in_byte": 1600,
            "c_type": "float",
            "conv_type": "",
            "format": "float",
            "mem_pool": "activations",
            "name": "conv2d_4_output_array",
            "offset": 0,
            "size": 400,
            "start_offset": 0,
            "tensors": [
                {
                    "name": "conv2d_4_output",
                    "shape": [
                        1,
                        5,
                        5,
                        16
                    ]
                }
            ]
        },
        {
            "c_bits": 32,
            "c_id": 4,
            "c_size_in_byte": 1600,
            "c_type": "float",
            "conv_type": "",
            "format": "float",
            "mem_pool": "activations",
            "name": "nl_7_output_array",
            "offset": 1600,
            "size": 400,
            "start_offset": 1600,
            "tensors": [
                {
                    "name": "nl_7_output",
                    "shape": [
                        1,
                        5,
                        5,
                        16
                    ]
                }
            ]
        },
        {
            "c_bits": 32,
            "c_id": 5,
            "c_size_in_byte": 40,
            "c_type": "float",
            "conv_type": "",
            "format": "float",
            "mem_pool": "activations",
            "name": "conv2d_8_output_array",
            "offset": 0,
            "size": 10,
            "start_offset": 0,
            "tensors": [
                {
                    "name": "conv2d_8_output",
                    "shape": [
                        1,
                        1,
                        1,
                        10
                    ]
                }
            ]
        },
        {
            "c_bits": 32,
            "c_id": 6,
            "c_size_in_byte": 216,
            "c_type": "float",
            "conv_type": "",
            "format": "float",
            "mem_pool": "activations",
            "name": "dense_11_output_array",
            "offset": 40,
            "size": 54,
            "start_offset": 40,
            "tensors": [
                {
                    "name": "dense_11_output",
                    "shape": [
                        1,
                        1,
                        1,
                        54
                    ]
                }
            ]
        },
        {
            "c_bits": 32,
            "c_id": 7,
            "c_size_in_byte": 216,
            "c_type": "float",
            "conv_type": "",
            "format": "float",
            "mem_pool": "activations",
            "name": "nl_12_output_array",
            "offset": 256,
            "size": 54,
            "start_offset": 256,
            "tensors": [
                {
                    "name": "nl_12_output",
                    "shape": [
                        1,
                        1,
                        1,
                        54
                    ]
                }
            ]
        },
        {
            "c_bits": 32,
            "c_id": 8,
            "c_size_in_byte": 16,
            "c_type": "float",
            "conv_type": "",
            "format": "float",
            "mem_pool": "activations",
            "name": "dense_13_output_array",
            "offset": 0,
            "size": 4,
            "start_offset": 0,
            "tensors": [
                {
                    "name": "dense_13_output",
                    "shape": [
                        1,
                        1,
                        1,
                        4
                    ]
                }
            ]
        },
        {
            "c_bits": 32,
            "c_id": 9,
            "c_size_in_byte": 16,
            "c_type": "float",
            "conv_type": "",
            "format": "float",
            "io_type": "output",
            "mem_pool": "user",
            "name": "nl_14_output_array",
            "offset": "NULL",
            "size": 4,
            "start_offset": "NULL",
            "tensors": [
                {
                    "name": "nl_14_output",
                    "shape": [
                        1,
                        1,
                        1,
                        4
                    ]
                }
            ]
        },
        {
            "c_bits": 32,
            "c_id": 10,
            "c_size_in_byte": 600,
            "c_type": "const float",
            "conv_type": "",
            "format": "float",
            "mem_pool": "weights",
            "name": "conv2d_0_weights_array",
            "offset": "NULL",
            "size": 150,
            "start_offset": "NULL",
            "tensors": [
                {
                    "name": "conv2d_0_weights",
                    "shape": [
                        1,
                        6,
                        5,
                        5
                    ]
                }
            ]
        },
        {
            "c_bits": 32,
            "c_id": 11,
            "c_size_in_byte": 24,
            "c_type": "const float",
            "conv_type": "",
            "format": "float",
            "mem_pool": "weights",
            "name": "conv2d_0_bias_array",
            "offset": "NULL",
            "size": 6,
            "start_offset": "NULL",
            "tensors": [
                {
                    "name": "conv2d_0_bias",
                    "shape": [
                        1,
                        1,
                        1,
                        6
                    ]
                }
            ]
        },
        {
            "c_bits": 32,
            "c_id": 12,
            "c_size_in_byte": 9600,
            "c_type": "const float",
            "conv_type": "",
            "format": "float",
            "mem_pool": "weights",
            "name": "conv2d_4_weights_array",
            "offset": "NULL",
            "size": 2400,
            "start_offset": "NULL",
            "tensors": [
                {
                    "name": "conv2d_4_weights",
                    "shape": [
                        6,
                        16,
                        5,
                        5
                    ]
                }
            ]
        },
        {
            "c_bits": 32,
            "c_id": 13,
            "c_size_in_byte": 64,
            "c_type": "const float",
            "conv_type": "",
            "format": "float",
            "mem_pool": "weights",
            "name": "conv2d_4_bias_array",
            "offset": "NULL",
            "size": 16,
            "start_offset": "NULL",
            "tensors": [
                {
                    "name": "conv2d_4_bias",
                    "shape": [
                        1,
                        1,
                        1,
                        16
                    ]
                }
            ]
        },
        {
            "c_bits": 32,
            "c_id": 14,
            "c_size_in_byte": 16000,
            "c_type": "const float",
            "conv_type": "",
            "format": "float",
            "mem_pool": "weights",
            "name": "conv2d_8_weights_array",
            "offset": "NULL",
            "size": 4000,
            "start_offset": "NULL",
            "tensors": [
                {
                    "name": "conv2d_8_weights",
                    "shape": [
                        16,
                        10,
                        5,
                        5
                    ]
                }
            ]
        },
        {
            "c_bits": 32,
            "c_id": 15,
            "c_size_in_byte": 40,
            "c_type": "const float",
            "conv_type": "",
            "format": "float",
            "mem_pool": "weights",
            "name": "conv2d_8_bias_array",
            "offset": "NULL",
            "size": 10,
            "start_offset": "NULL",
            "tensors": [
                {
                    "name": "conv2d_8_bias",
                    "shape": [
                        1,
                        1,
                        1,
                        10
                    ]
                }
            ]
        },
        {
            "c_bits": 32,
            "c_id": 16,
            "c_size_in_byte": 2160,
            "c_type": "const float",
            "conv_type": "",
            "format": "float",
            "mem_pool": "weights",
            "name": "dense_11_weights_array",
            "offset": "NULL",
            "size": 540,
            "start_offset": "NULL",
            "tensors": [
                {
                    "name": "dense_11_weights",
                    "shape": [
                        10,
                        1,
                        1,
                        54
                    ]
                }
            ]
        },
        {
            "c_bits": 32,
            "c_id": 17,
            "c_size_in_byte": 216,
            "c_type": "const float",
            "conv_type": "",
            "format": "float",
            "mem_pool": "weights",
            "name": "dense_11_bias_array",
            "offset": "NULL",
            "size": 54,
            "start_offset": "NULL",
            "tensors": [
                {
                    "name": "dense_11_bias",
                    "shape": [
                        1,
                        1,
                        1,
                        54
                    ]
                }
            ]
        },
        {
            "c_bits": 32,
            "c_id": 18,
            "c_size_in_byte": 864,
            "c_type": "const float",
            "conv_type": "",
            "format": "float",
            "mem_pool": "weights",
            "name": "dense_13_weights_array",
            "offset": "NULL",
            "size": 216,
            "start_offset": "NULL",
            "tensors": [
                {
                    "name": "dense_13_weights",
                    "shape": [
                        54,
                        1,
                        1,
                        4
                    ]
                }
            ]
        },
        {
            "c_bits": 32,
            "c_id": 19,
            "c_size_in_byte": 16,
            "c_type": "const float",
            "conv_type": "",
            "format": "float",
            "mem_pool": "weights",
            "name": "dense_13_bias_array",
            "offset": "NULL",
            "size": 4,
            "start_offset": "NULL",
            "tensors": [
                {
                    "name": "dense_13_bias",
                    "shape": [
                        1,
                        1,
                        1,
                        4
                    ]
                }
            ]
        },
        {
            "c_bits": 32,
            "c_id": 20,
            "c_size_in_byte": 1344,
            "c_type": "float",
            "conv_type": "",
            "format": "float",
            "mem_pool": "activations",
            "name": "conv2d_0_scratch0_array",
            "offset": 5088,
            "size": 336,
            "start_offset": 5088,
            "tensors": [
                {
                    "name": "conv2d_0_scratch0",
                    "shape": [
                        1,
                        2,
                        28,
                        6
                    ]
                }
            ]
        },
        {
            "c_bits": 32,
            "c_id": 21,
            "c_size_in_byte": 1280,
            "c_type": "float",
            "conv_type": "",
            "format": "float",
            "mem_pool": "activations",
            "name": "conv2d_4_scratch0_array",
            "offset": 5152,
            "size": 320,
            "start_offset": 5152,
            "tensors": [
                {
                    "name": "conv2d_4_scratch0",
                    "shape": [
                        1,
                        2,
                        10,
                        16
                    ]
                }
            ]
        }
    ],
    "c_arrays_n": 22,
    "c_intq_n": 0,
    "c_layers": [
        {
            "c_forward": "forward_conv2d_nl_pool",
            "c_id": 0,
            "layer_type": "optimized_conv2d",
            "m_id": 2,
            "macc": 169350,
            "name": "conv2d_0",
            "next": "nl_3",
            "rom": 624,
            "tensors": {
                "inputs": [
                    "serving_default_conv2d_7_input0_output"
                ],
                "outputs": [
                    "conv2d_0_output"
                ],
                "scratchs": [
                    "conv2d_0_scratch0"
                ],
                "weights": [
                    "conv2d_0_weights",
                    "conv2d_0_bias"
                ]
            }
        },
        {
            "c_forward": "forward_sigmoid",
            "c_id": 1,
            "layer_type": "nl",
            "m_id": 3,
            "macc": 11760,
            "name": "nl_3",
            "next": "conv2d_4",
            "rom": 0,
            "tensors": {
                "inputs": [
                    "conv2d_0_output"
                ],
                "outputs": [
                    "nl_3_output"
                ],
                "scratchs": [],
                "weights": []
            }
        },
        {
            "c_forward": "forward_conv2d_nl_pool",
            "c_id": 2,
            "layer_type": "optimized_conv2d",
            "m_id": 6,
            "macc": 257616,
            "name": "conv2d_4",
            "next": "nl_7",
            "rom": 9664,
            "tensors": {
                "inputs": [
                    "nl_3_output"
                ],
                "outputs": [
                    "conv2d_4_output"
                ],
                "scratchs": [
                    "conv2d_4_scratch0"
                ],
                "weights": [
                    "conv2d_4_weights",
                    "conv2d_4_bias"
                ]
            }
        },
        {
            "c_forward": "forward_sigmoid",
            "c_id": 3,
            "layer_type": "nl",
            "m_id": 7,
            "macc": 4000,
            "name": "nl_7",
            "next": "conv2d_8",
            "rom": 0,
            "tensors": {
                "inputs": [
                    "conv2d_4_output"
                ],
                "outputs": [
                    "nl_7_output"
                ],
                "scratchs": [],
                "weights": []
            }
        },
        {
            "c_forward": "forward_conv2d",
            "c_id": 4,
            "layer_type": "conv2d",
            "m_id": 9,
            "macc": 4110,
            "name": "conv2d_8",
            "next": "dense_11",
            "rom": 16040,
            "tensors": {
                "inputs": [
                    "nl_7_output"
                ],
                "outputs": [
                    "conv2d_8_output"
                ],
                "scratchs": [],
                "weights": [
                    "conv2d_8_weights",
                    "conv2d_8_bias"
                ]
            }
        },
        {
            "c_forward": "forward_dense",
            "c_id": 5,
            "layer_type": "dense",
            "m_id": 11,
            "macc": 594,
            "name": "dense_11",
            "next": "nl_12",
            "rom": 2376,
            "tensors": {
                "inputs": [
                    "conv2d_8_output"
                ],
                "outputs": [
                    "dense_11_output"
                ],
                "scratchs": [],
                "weights": [
                    "dense_11_weights",
                    "dense_11_bias"
                ]
            }
        },
        {
            "c_forward": "forward_tanh",
            "c_id": 6,
            "layer_type": "nl",
            "m_id": 12,
            "macc": 540,
            "name": "nl_12",
            "next": "dense_13",
            "rom": 0,
            "tensors": {
                "inputs": [
                    "dense_11_output"
                ],
                "outputs": [
                    "nl_12_output"
                ],
                "scratchs": [],
                "weights": []
            }
        },
        {
            "c_forward": "forward_dense",
            "c_id": 7,
            "layer_type": "dense",
            "m_id": 13,
            "macc": 220,
            "name": "dense_13",
            "next": "nl_14",
            "rom": 880,
            "tensors": {
                "inputs": [
                    "nl_12_output"
                ],
                "outputs": [
                    "dense_13_output"
                ],
                "scratchs": [],
                "weights": [
                    "dense_13_weights",
                    "dense_13_bias"
                ]
            }
        },
        {
            "c_forward": "forward_sm",
            "c_id": 8,
            "layer_type": "nl",
            "m_id": 14,
            "macc": 60,
            "name": "nl_14",
            "next": "nl_14",
            "rom": 0,
            "tensors": {
                "inputs": [
                    "dense_13_output"
                ],
                "outputs": [
                    "nl_14_output"
                ],
                "scratchs": [],
                "weights": []
            }
        }
    ],
    "c_name": "network",
    "c_nodes_n": 9,
    "c_tensors_n": 22,
    "c_weights_count": 1,
    "c_weights_header": 0,
    "data_alignment": 4,
    "date_time": "Wed Jan  5 18:57:48 2022",
    "inputs": [
        "serving_default_conv2d_7_input0_output"
    ],
    "macc": 448250,
    "memory_footprint": {
        "activations": 6432,
        "io": [
            4096,
            16
        ],
        "series": "generic",
        "weights": 29584
    },
    "model_name": "modellenet",
    "outputs": [
        "nl_14_output"
    ],
    "params_alignment": 4,
    "stm_ai_version": {
        "extra": "RC8",
        "major": 7,
        "micro": 0,
        "minor": 0
    },
    "tool_api_version": {
        "major": 1,
        "micro": 0,
        "minor": 4
    },
    "tool_version": {
        "major": 1,
        "micro": 1,
        "minor": 5
    },
    "version": "1.1",
    "weights": 29584
}