{
    "_allocate_inputs": 0,
    "_allocate_outputs": 0,
    "cli_parameters": "generate --name network -m C:/Users/Elizaveta/Downloads/modelLeNet.tflite --type tflite --compression 1 --verbosity 1 --workspace C:\\Users\\ELIZAV~1\\AppData\\Local\\Temp\\mxAI_workspace876552158907005006939087333112493 --output C:\\Users\\Elizaveta\\.stm32cubemx",
    "cli_version": {
        "major": 1,
        "micro": 1,
        "minor": 5
    },
    "cli_version_str": "1.5.1",
    "compression": {
        "factor": null,
        "layers": {}
    },
    "date_time": "Wed Jan  5 18:57:48 2022",
    "error": 0,
    "error_str": [],
    "exec_cmd": "generate",
    "exec_duration": 0.0,
    "hash": "6c8eda782fa7351b4d0380ae4d78738d",
    "inputs": [
        "serving_default_conv2d_7_input0"
    ],
    "layers": [
        {
            "extras": {
                "n_macc": 0,
                "n_params": 0,
                "psize": 0,
                "rom_output": {
                    "c_size": 4096,
                    "fmt": {
                        "format": "float"
                    },
                    "shape": [
                        32,
                        32,
                        1,
                        1
                    ]
                },
                "rom_size": 0
            },
            "id": 0,
            "inputs": [],
            "name": "serving_default_conv2d_7_input0",
            "type": "Input"
        },
        {
            "extras": {
                "n_macc": 117606,
                "n_params": 156,
                "psize": 624,
                "rom_output": {
                    "c_size": 4704,
                    "fmt": {
                        "format": "float"
                    },
                    "shape": [
                        14,
                        14,
                        6,
                        1
                    ]
                },
                "rom_size": 624
            },
            "id": 0,
            "inputs": [
                "serving_default_conv2d_7_input0"
            ],
            "name": "conv2d_0",
            "type": "Conv2D"
        },
        {
            "extras": {
                "n_macc": 47040,
                "n_params": 0,
                "psize": 0,
                "rom_size": 0
            },
            "id": 1,
            "inputs": [
                "conv2d_0"
            ],
            "name": "nl_1",
            "type": "Nonlinearity"
        },
        {
            "extras": {
                "n_macc": 4704,
                "n_params": 0,
                "psize": 0,
                "rom_size": 0
            },
            "id": 2,
            "inputs": [
                "nl_1"
            ],
            "name": "pool_2",
            "type": "Pool"
        },
        {
            "extras": {
                "n_macc": 11760,
                "n_params": 0,
                "psize": 0,
                "rom_output": {
                    "c_size": 4704,
                    "fmt": {
                        "format": "float"
                    },
                    "shape": [
                        14,
                        14,
                        6,
                        1
                    ]
                },
                "rom_size": 0
            },
            "id": 3,
            "inputs": [
                "pool_2"
            ],
            "name": "nl_3",
            "type": "Nonlinearity"
        },
        {
            "extras": {
                "n_macc": 240016,
                "n_params": 2416,
                "psize": 9664,
                "rom_output": {
                    "c_size": 1600,
                    "fmt": {
                        "format": "float"
                    },
                    "shape": [
                        5,
                        5,
                        16,
                        1
                    ]
                },
                "rom_size": 9664
            },
            "id": 4,
            "inputs": [
                "nl_3"
            ],
            "name": "conv2d_4",
            "type": "Conv2D"
        },
        {
            "extras": {
                "n_macc": 16000,
                "n_params": 0,
                "psize": 0,
                "rom_size": 0
            },
            "id": 5,
            "inputs": [
                "conv2d_4"
            ],
            "name": "nl_5",
            "type": "Nonlinearity"
        },
        {
            "extras": {
                "n_macc": 1600,
                "n_params": 0,
                "psize": 0,
                "rom_size": 0
            },
            "id": 6,
            "inputs": [
                "nl_5"
            ],
            "name": "pool_6",
            "type": "Pool"
        },
        {
            "extras": {
                "n_macc": 4000,
                "n_params": 0,
                "psize": 0,
                "rom_output": {
                    "c_size": 1600,
                    "fmt": {
                        "format": "float"
                    },
                    "shape": [
                        5,
                        5,
                        16,
                        1
                    ]
                },
                "rom_size": 0
            },
            "id": 7,
            "inputs": [
                "pool_6"
            ],
            "name": "nl_7",
            "type": "Nonlinearity"
        },
        {
            "extras": {
                "n_macc": 4010,
                "n_params": 4010,
                "psize": 16040,
                "rom_output": {
                    "c_size": 40,
                    "fmt": {
                        "format": "float"
                    },
                    "shape": [
                        1,
                        1,
                        10,
                        1
                    ]
                },
                "rom_size": 16040
            },
            "id": 8,
            "inputs": [
                "nl_7"
            ],
            "name": "conv2d_8",
            "type": "Conv2D"
        },
        {
            "extras": {
                "n_macc": 100,
                "n_params": 0,
                "psize": 0,
                "rom_size": 0
            },
            "id": 9,
            "inputs": [
                "conv2d_8"
            ],
            "name": "nl_9",
            "type": "Nonlinearity"
        },
        {
            "extras": {
                "n_macc": 0,
                "n_params": 0,
                "psize": 0,
                "rom_size": 0
            },
            "id": 10,
            "inputs": [
                "nl_9"
            ],
            "name": "reshape_10",
            "type": "Reshape"
        },
        {
            "extras": {
                "n_macc": 594,
                "n_params": 594,
                "psize": 2376,
                "rom_output": {
                    "c_size": 216,
                    "fmt": {
                        "format": "float"
                    },
                    "shape": [
                        1,
                        1,
                        54,
                        1
                    ]
                },
                "rom_size": 2376
            },
            "id": 11,
            "inputs": [
                "reshape_10"
            ],
            "name": "dense_11",
            "type": "Dense"
        },
        {
            "extras": {
                "n_macc": 540,
                "n_params": 0,
                "psize": 0,
                "rom_output": {
                    "c_size": 216,
                    "fmt": {
                        "format": "float"
                    },
                    "shape": [
                        1,
                        1,
                        54,
                        1
                    ]
                },
                "rom_size": 0
            },
            "id": 12,
            "inputs": [
                "dense_11"
            ],
            "name": "nl_12",
            "type": "Nonlinearity"
        },
        {
            "extras": {
                "n_macc": 220,
                "n_params": 220,
                "psize": 880,
                "rom_output": {
                    "c_size": 16,
                    "fmt": {
                        "format": "float"
                    },
                    "shape": [
                        1,
                        1,
                        4,
                        1
                    ]
                },
                "rom_size": 880
            },
            "id": 13,
            "inputs": [
                "nl_12"
            ],
            "name": "dense_13",
            "type": "Dense"
        },
        {
            "extras": {
                "n_macc": 60,
                "n_params": 0,
                "psize": 0,
                "rom_output": {
                    "c_size": 16,
                    "fmt": {
                        "format": "float"
                    },
                    "shape": [
                        1,
                        1,
                        4,
                        1
                    ]
                },
                "rom_size": 0
            },
            "id": 14,
            "inputs": [
                "dense_13"
            ],
            "name": "nl_14",
            "type": "Nonlinearity"
        }
    ],
    "model_files": [
        "C:\\Users\\Elizaveta\\Downloads\\modelLeNet.tflite"
    ],
    "model_n_params": 7396,
    "model_name": "modelLeNet",
    "model_size": 29584,
    "model_type": "tflite",
    "name": "network",
    "outputs": [
        "nl_14"
    ],
    "ram_io_size": [
        4096,
        16
    ],
    "ram_size": [
        6432,
        6432
    ],
    "report_version": 1.1,
    "rom_cfact": 1.0,
    "rom_heap_inspector": 2048,
    "rom_inputs": [
        {
            "c_size": 4096,
            "c_type": "float",
            "name": "serving_default_conv2d_7_input0"
        }
    ],
    "rom_n_macc": 448250,
    "rom_outputs": [
        {
            "c_size": 16,
            "c_type": "float",
            "name": "nl_14"
        }
    ],
    "rom_size": 29584,
    "strategy": "heap_overlay",
    "tools_api_version": {
        "major": 1,
        "micro": 1,
        "minor": 5
    },
    "tools_version": {
        "extra": "RC8",
        "major": 7,
        "micro": 0,
        "minor": 0
    },
    "val_error": -1.0,
    "val_error_desc": "None (None) #-1",
    "val_metrics": []
}